{
    "prefixes": [
        "54Mn",
        "22Na",
        "137Cs"
    ],
    "prefix_bkgd": "fondo",
    "names": {
        "54Mn": "$^{54}$Mn",
        "22Na": "$^{22}$Na",
        "137Cs": "$^{137}$Cs"
    },
    "colors": {
        "54Mn": "tab:red",
        "22Na": "tab:orange",
        "137Cs": "tab:green"
    },
    "fit_colors": {
        "54Mn": "tab:gray",
        "22Na": "tab:purple",
        "137Cs": "tab:brown"
    },
    "peak_dict": {
        "22Na": {
            "511 keV": {
                "energy": 511.0,
                "fit?": 1,
                "FWHM [keV]": 0,
                "range": [
                    140,
                    300
                ],
                "fit_init": {
                    "a0": 0.46,
                    "a1": -0.0008,
                    "I0": 0.6,
                    "mu": 195.9,
                    "sigma": 20.05
                },
                "fit_results": {
                    "a0": [
                        0.5351258375441779,
                        0.027008803992150547
                    ],
                    "a1": [
                        -0.0011369152611823133,
                        0.00010320001568469412
                    ],
                    "I0": [
                        0.6130872269294626,
                        0.01066227188751616
                    ],
                    "mu": [
                        196.09873158388993,
                        0.3593907053680167
                    ],
                    "sigma": [
                        19.157313578401784,
                        0.469768097020745
                    ]
                }
            },
            "1275 keV": {
                "energy": 1274.537,
                "fit?": 1,
                "FWHM [keV]": 0,
                "range": [
                    400,
                    600
                ],
                "fit_init": {
                    "a0": 0.21,
                    "a1": -0.00029,
                    "I0": 0.03,
                    "mu": 477.78,
                    "sigma": 23.07
                },
                "fit_results": {
                    "a0": [
                        0.24458573606481268,
                        0.004543724678087734
                    ],
                    "a1": [
                        -0.0003507069050825378,
                        8.496224556437431e-06
                    ],
                    "I0": [
                        0.030400523816136532,
                        0.0012468410243076837
                    ],
                    "mu": [
                        480.59437244178065,
                        1.074586014759261
                    ],
                    "sigma": [
                        23.285312424145836,
                        1.2950253550820008
                    ]
                }
            }
        },
        "137Cs": {
            "662 keV": {
                "energy": 661.657,
                "fit?": 1,
                "FWHM [keV]": 0,
                "range": [
                    200,
                    400
                ],
                "fit_init": {
                    "a0": 0.05,
                    "a1": -0.0001,
                    "I0": 0.03,
                    "mu": 288.9,
                    "sigma": 25.17
                },
                "fit_results": {
                    "a0": [
                        0.06931208861445738,
                        0.0028996011898527506
                    ],
                    "a1": [
                        -0.00014863221303193286,
                        8.962348266631769e-06
                    ],
                    "I0": [
                        0.03375814752275433,
                        0.0014363614023818983
                    ],
                    "mu": [
                        290.15773165507534,
                        1.0663125829682671
                    ],
                    "sigma": [
                        22.041094272313522,
                        1.2278673265402595
                    ]
                }
            }
        },
        "54Mn": {
            "835 keV": {
                "energy": 834.848,
                "fit?": 1,
                "FWHM [keV]": 0,
                "range": [
                    260,
                    450
                ],
                "fit_init": {
                    "a0": 0.48,
                    "a1": -0.0008,
                    "I0": 0.13,
                    "mu": 322.51,
                    "sigma": 22.57
                },
                "fit_results": {
                    "a0": [
                        0.3695976286126818,
                        0.03454793112639047
                    ],
                    "a1": [
                        -0.0006135327764223423,
                        7.972063225747722e-05
                    ],
                    "I0": [
                        0.15379152035258153,
                        0.008734773766226582
                    ],
                    "mu": [
                        322.68481493143753,
                        1.4165987668904947
                    ],
                    "sigma": [
                        32.6377569190074,
                        2.0758393620149245
                    ]
                }
            }
        }
    },
    "E_chan_transform": {
        "a0": [
            0,
            0
        ],
        "a1": [
            0,
            0
        ]
    }
}