{
    "prefixes": [
        "22Na_outD",
        "22Na_500D",
        "22Na_200D"
    ],
    "prefix_bkgd": "bkgd",
    "names": {
        "22Na_outD": "out",
        "22Na_500D": "500 ns",
        "22Na_200D": "200 ns"
    },
    "colors": {
        "22Na_outD": "tab:blue",
        "22Na_500D": "tab:orange",
        "22Na_200D": "tab:green"
    },
    "fit_colors": {
        "22Na_outD": "tab:red",
        "22Na_500D": "tab:purple",
        "22Na_200D": "tab:brown"
    },
    "color_bkgd": "tab:cyan",
    "x_unit": "channel",
    "peak_dict": {
        "22Na_outD": {
            "511 keV": {
                "energy": 511.0,
                "fit?": 1,
                "range": [
                    110,
                    240
                ],
                "fit_init": {
                    "a0": 1,
                    "a1": -1,
                    "I0": 0.7,
                    "mu": 153,
                    "sigma": 5
                },
                "fit_results": {
                    "a0": [
                        76474.22994579194,
                        552235736667203.75
                    ],
                    "a1": [
                        -632.1900998801941,
                        500903.7455721501
                    ],
                    "I0": [
                        103029.41604799147,
                        552235674887521.0
                    ],
                    "mu": [
                        -3590.897639827309,
                        12454303610750.012
                    ],
                    "sigma": [
                        -1601117.60600102,
                        4293970245480676.0
                    ]
                },
                "FWHM [keV]": [
                    183.29359797937596,
                    9.422774981055031
                ]
            }
        },
        "22Na_500D": {
            "511 keV": {
                "energy": 511.0,
                "fit?": 1,
                "range": [
                    100,
                    195
                ],
                "fit_init": {
                    "a0": 1,
                    "a1": -1,
                    "I0": 0.7,
                    "mu": 132,
                    "sigma": 5
                },
                "fit_results": {
                    "a0": [
                        107650.84849711193,
                        375598688523877.8
                    ],
                    "a1": [
                        -1096.5350378446935,
                        34296922.47561379
                    ],
                    "I0": [
                        139668.59959872556,
                        375590172438069.06
                    ],
                    "mu": [
                        12962.706451784286,
                        44545596967743.11
                    ],
                    "sigma": [
                        -360837.1835543968,
                        575389358302838.6
                    ]
                },
                "FWHM [keV]": [
                    183.29359797937596,
                    9.422774981055031
                ]
            }
        },
        "22Na_200D": {
            "511 keV": {
                "energy": 511.0,
                "fit?": 1,
                "range": [
                    80,
                    155
                ],
                "fit_init": {
                    "a0": 1,
                    "a1": -1,
                    "I0": 0.7,
                    "mu": 104,
                    "sigma": 5
                },
                "fit_results": {
                    "a0": [
                        143497.9282475221,
                        875562617495555.0
                    ],
                    "a1": [
                        -1714.1025862361666,
                        7504266.254147971
                    ],
                    "I0": [
                        165966.8395429243,
                        875561046267808.5
                    ],
                    "mu": [
                        -84.71919991527193,
                        9558413549971.79
                    ],
                    "sigma": [
                        -407407.76995194866,
                        1215088729440571.5
                    ]
                },
                "FWHM [keV]": [
                    183.29359797937596,
                    9.422774981055031
                ]
            }
        }
    },
    "E_chan_transform": {
        "a0": [
            -21.080466716856765,
            18.70369603758113
        ],
        "a1": [
            3.3666662517560835,
            0.0729897015645827
        ],
        "fit_init": [
            -9,
            3
        ]
    },
    "FWHM_vs_E": {
        "s0": [
            52.961992725952776,
            17.09032780254781
        ],
        "s1": [
            2.7897041253727495,
            0.6108184618772555
        ],
        "fit_init": [
            49,
            2.9
        ]
    }
}