{
    "prefixes": [
        "54Mn",
        "22Na",
        "68Ge",
        "137Cs_HA"
    ],
    "prefix_bkgd": "bkgd",
    "peak_dict": {
        "54Mn": {
            "835 keV": {
                "energy": 834.848,
                "fit?": 1,
                "range": [
                    210,
                    330
                ],
                "fit_init": {
                    "a0": 0.48,
                    "a1": -0.0008,
                    "I0": 0.04,
                    "mu": 251,
                    "sigma": 22.57
                },
                "fit_results": {
                    "a0": [
                        0.06809639973757993,
                        0.0020343540251154153
                    ],
                    "a1": [
                        -0.00015978616137719118,
                        6.727829357078593e-06
                    ],
                    "I0": [
                        0.03368107723891865,
                        0.0005223324291145114
                    ],
                    "mu": [
                        259.1309416020824,
                        0.3012613410771703
                    ],
                    "sigma": [
                        17.65088527133194,
                        0.39076913992089335
                    ]
                }
            }
        },
        "22Na": {
            "511 keV": {
                "energy": 511.0,
                "fit?": 1,
                "range": [
                    110,
                    220
                ],
                "fit_init": {
                    "a0": 0.46,
                    "a1": -0.0008,
                    "I0": 0.6,
                    "mu": 154,
                    "sigma": 20.05
                },
                "fit_results": {
                    "a0": [
                        0.576928161778393,
                        0.017513063675627362
                    ],
                    "a1": [
                        -0.0017114000981687482,
                        9.265762227474472e-05
                    ],
                    "I0": [
                        0.6707366131057394,
                        0.00708071100095034
                    ],
                    "mu": [
                        156.56417759409254,
                        0.17784507458263327
                    ],
                    "sigma": [
                        14.930811443269505,
                        0.2204984514433629
                    ]
                }
            },
            "1275 keV": {
                "energy": 1274.537,
                "fit?": 1,
                "range": [
                    340,
                    430
                ],
                "fit_init": {
                    "a0": 0.21,
                    "a1": -0.00029,
                    "I0": 0.04,
                    "mu": 383,
                    "sigma": 23.07
                },
                "fit_results": {
                    "a0": [
                        0.31706505844200733,
                        0.003794367684305536
                    ],
                    "a1": [
                        -0.0006208459393409968,
                        9.319207386495945e-06
                    ],
                    "I0": [
                        0.025841266136662655,
                        0.0006432845054157584
                    ],
                    "mu": [
                        382.61754219306124,
                        0.412526886058107
                    ],
                    "sigma": [
                        18.857297243278378,
                        0.6403486124720632
                    ]
                }
            }
        },
        "68Ge": {
            "511 keV": {
                "energy": 511.0,
                "fit?": 1,
                "range": [
                    120,
                    200
                ],
                "fit_init": {
                    "a0": 0.46,
                    "a1": -0.0008,
                    "I0": 0.004,
                    "mu": 154,
                    "sigma": 20.05
                },
                "fit_results": {
                    "a0": [
                        0.008463520907289992,
                        0.0004370034251264901
                    ],
                    "a1": [
                        -1.9378807501185967e-05,
                        2.442288256434335e-06
                    ],
                    "I0": [
                        0.0029720126548560314,
                        0.00013212916657663327
                    ],
                    "mu": [
                        156.84791183138356,
                        0.6672262753048211
                    ],
                    "sigma": [
                        13.921557295438646,
                        0.9056635343494428
                    ]
                }
            },
            "1077 keV": {
                "energy": 1077.34,
                "fit?": 0,
                "range": [
                    340,
                    430
                ],
                "fit_init": {
                    "a0": 0.21,
                    "a1": -0.00029,
                    "I0": 0.003,
                    "mu": 383,
                    "sigma": 23.07
                },
                "fit_results": {
                    "a0": [
                        1.2000846668476222,
                        null
                    ],
                    "a1": [
                        0.0024619654149222216,
                        null
                    ],
                    "I0": [
                        -3.502602111840874,
                        null
                    ],
                    "mu": [
                        1235.7716139006554,
                        null
                    ],
                    "sigma": [
                        859.9481991739274,
                        null
                    ]
                }
            }
        },
        "137Cs_LA": {
            "662 keV": {
                "energy": 661.657,
                "fit?": 1,
                "range": [
                    200,
                    400
                ],
                "fit_init": {
                    "a0": 0.05,
                    "a1": -0.0001,
                    "I0": 0.03,
                    "mu": 288.9,
                    "sigma": 25.17
                },
                "fit_results": {
                    "a0": [
                        0.06931208861445738,
                        0.0028996011898527506
                    ],
                    "a1": [
                        -0.00014863221303193286,
                        8.962348266631769e-06
                    ],
                    "I0": [
                        0.03375814752275433,
                        0.0014363614023818983
                    ],
                    "mu": [
                        290.15773165507534,
                        1.0663125829682671
                    ],
                    "sigma": [
                        22.041094272313522,
                        1.2278673265402595
                    ]
                }
            }
        },
        "137Cs_HA": {
            "662 keV": {
                "energy": 661.657,
                "fit?": 1,
                "range": [
                    140,
                    260
                ],
                "fit_init": {
                    "a0": 0.05,
                    "a1": -0.0001,
                    "I0": 0.06,
                    "mu": 188,
                    "sigma": 25.17
                },
                "fit_results": {
                    "a0": [
                        0.15175311902899447,
                        0.0033852394816227187
                    ],
                    "a1": [
                        -0.00046940046305811553,
                        1.3815751853847104e-05
                    ],