{
    "prefixes": [
        "Co60",
        "Na22",
        "Cs137"
    ],
    "prefix_bkgd": "bkgd",
    "names": {
        "Co60": "$^{60}$Co",
        "Na22": "$^{22}$Na",
        "Cs137": "$^{137}$Cs"
    },
    "colors": {
        "Co60": "tab:blue",
        "Na22": "tab:orange",
        "Cs137": "tab:green"
    },
    "fit_colors": {
        "Co60": "tab:red",
        "Na22": "tab:purple",
        "Cs137": "tab:brown"
    },
    "color_bkgd": "tab:cyan",
    "x_unit": "nVs",
    "peak_dict": {
        "Cs137": {
            "31 keV": {
                "energy": 31,
                "fit?": 1,
                "range": [
                    0.8,
                    2.7
                ],
                "fit_init": {
                    "a0": 0.1,
                    "a1": 0,
                    "I0": 0.9,
                    "mu": 2,
                    "sigma": 0.4
                },
                "fit_results": {
                    "a0": [
                        -0.7775499112176087,
                        0.2101790522030717
                    ],
                    "a1": [
                        0.34548801133075396,
                        0.07505644556831827
                    ],
                    "I0": [
                        1.2828130799140516,
                        0.10659953849139239
                    ],
                    "mu": [
                        1.360150724309726,
                        0.021965550430617112
                    ],
                    "sigma": [
                        0.46175091533375057,
                        0.029497590735474703
                    ]
                },
                "FWHM [keV]": [
                    16.412375739802886,
                    1.0976017783722158
                ]
            },
            "184 keV": {
                "energy": 184,
                "fit?": 1,
                "range": [
                    9,
                    21
                ],
                "fit_init": {
                    "a0": 0.1,
                    "a1": 0,
                    "I0": 0.5,
                    "mu": 15,
                    "sigma": 1
                },
                "fit_results": {
                    "a0": [
                        0.09868245934233835,
                        0.0018944873794344086
                    ],
                    "a1": [
                        0.00046523069633535625,
                        0.00011132783426447483
                    ],
                    "I0": [
                        0.038744715510409575,
                        0.0009418825602455276
                    ],
                    "mu": [
                        14.625208561623948,
                        0.04842995479546942
                    ],
                    "sigma": [
                        1.747604927076216,
                        0.06004692677647856
                    ]
                },
                "FWHM [keV]": [
                    62.11649561576779,
                    2.4629220368413676
                ]
            },
            "662 keV": {
                "energy": 661.657,
                "fit?": 1,
                "range": [
                    41,
                    55
                ],
                "fit_init": {
                    "a0": 0.1,
                    "a1": -0.02,
                    "I0": 0.15,
                    "mu": 47,
                    "sigma": 2
                },
                "fit_results": {
                    "a0": [
                        0.09417069559437799,
                        0.003908190930437607
                    ],
                    "a1": [
                        -0.0012701267383096444,
                        7.896274805683395e-05
                    ],
                    "I0": [
                        0.15808797501209534,
                        0.0007845795697970828
                    ],
                    "mu": [
                        47.572936655739134,
                        0.01134264223410941
                    ],
                    "sigma": [
                        2.0023611106834127,
                        0.013966959215920713
                    ]
                },
                "FWHM [keV]": [
                    71.1714948990446,
                    1.4932474479590834
                ]
            }
        },
        "Co60": {
            "1173.2 keV": {
                "energy": 1173.228,
                "fit?": 1,
                "range": [
                    73,
                    85
                ],
                "fit_init": {
                    "a0": 0.9,
                    "a1": -0.008,
                    "I0": 0.2,
                    "mu": 79,
                    "sigma": 2.3
                },
                "fit_results": {
                    "a0": [
                        0.0347330638015756,
                        0.0032957179556445475
                    ],
                    "a1": [
                        -0.0003367236307802714,
                        4.182905363303881e-05
                    ],
                    "I0": [
                        0.004410051447189878,
                        0.00034421325444919983
                    ],
                    "mu": [
                        79.04895313770201,
                        0.17798915951436833
                    ],
                    "sigma": [
                        2.119512202467295,
                        0.24375844120377016
                    ]
                },
                "FWHM [keV]": [
                    75.33548824012001,
                    8.791404539598146
                ]
            },
            "1332.5 keV": {
                "energy": 1332.492,
                "fit?": 1,
                "range": [
                    85,
                    95
                ],
                "fit_init": {
                    "a0": 0.79,
                    "a1": -0.007,
                    "I0": 0.24,
                    "mu": 89,
                    "sigma": 2.3
                },
                "fit_results": {
                    "a0": [
                        0.028116082184690132,
                        0.0071361607377756625
                    ],
                    "a1": [
                        -0.0002648287250452318,
                        7.484053826106068e-05
                    ],
                    "I0": [
                        0.004618572070609035,
                        0.0005354822626857854
                    ],
                    "mu": [
                        89.01824097511445,
                        0.18891969317777293
                    ],
                    "sigma": [
                        2.163059210293091,
                        0.2816427391873795
                    ]
                },
                "FWHM [keV]": [
                    76.8833137690949,
                    10.12558897499948
                ]
            }
        },
        "Na22": {
            "511 keV": {
                "energy": 511.0,
                "fit?": 1,
                "range": [
                    30,
                    45
                ],
                "fit_init": {
                    "a0": 0.2,
                    "a1": -0.02,
                    "I0": 0.9,
                    "mu": 38,
                    "sigma": 2
                },
                "fit_results": {
                    "a0": [
                        0.055838422721767575,
                        0.0020541319951680277
                    ],
                    "a1": [
                        -0.0006218216296703227,
                        5.352061989219075e-05
                    ],
                    "I0": [
                        0.05705855677395515,
                        0.0006248304562550346
                    ],
                    "mu": [
                        37.25208017220161,
                        0.02267862088473501
                    ],