{
    "prefixes": [
        "Ba133"
    ],
    "prefix_bkgd": "bkgd",
    "peak_dict": {
        "Ba133": {
            "31 keV": {
                "range": [
                    0,
                    3
                ],
                "fit_init": {
                    "a0": 0.0005,
                    "a1": 0.02,
                    "I0": 0.9,
                    "mu": 1.88,
                    "sigma": 0.4
                },
                "fit_results": {
                    "a0": [
                        -3.1623471965320507,
                        6.695604200475429
                    ],
                    "a1": [
                        0.9734801649789617,
                        1.7666916779765152
                    ],
                    "I0": [
                        3.2184676068361955,
                        6.030552305696506
                    ],
                    "mu": [
                        0.3945692982675226,
                        0.8968999035343789
                    ],
                    "sigma": [
                        1.2633135456894429,
                        0.9746543764488398
                    ]
                }
            },
            "81 keV": {
                "range": [
                    3,
                    7
                ],
                "fit_init": {
                    "a0": 0.1,
                    "a1": -0.006,
                    "I0": 0.16,
                    "mu": 5.53,
                    "sigma": 0.67
                },
                "fit_results": {
                    "a0": [
                        0.05776376372719058,
                        0.003470082520441964
                    ],
                    "a1": [
                        0.006252590133596302,
                        0.0010918180711283554
                    ],
                    "I0": [
                        -0.035075971507207385,
                        0.002782662203847789
                    ],
                    "mu": [
                        5.6811481641448065,
                        0.04170866282878926
                    ],
                    "sigma": [
                        0.8020298358108067,
                        0.058946600488754185
                    ]
                }
            },
            "356 keV": {
                "range": [
                    23,
                    28
                ],
                "fit_init": {
                    "a0": 0.2,
                    "a1": -0.06,
                    "I0": 0.05,
                    "mu": 26,
                    "sigma": 1
                },
                "fit_results": {
                    "a0": [
                        0.046648531398588836,
                        0.01678291620994726
                    ],
                    "a1": [
                        -0.0013467528657962933,
                        0.0006019045471900798
                    ],
                    "I0": [
                        0.003919925605170831,
                        0.002047778459854343
                    ],
                    "mu": [
                        24.43973791400957,
                        0.31073615487432543
                    ],
                    "sigma": [
                        1.094018531421037,
                        0.4218840741231723
                    ]
                }
            }
        }
    }
}