{
    "prefixes": [
        "Co60",
        "Na22",
        "Cs137"
    ],
    "prefix_bkgd": "bkgd",
    "peak_dict": {
        "Cs137": {
            "31 keV": {
                "range": [
                    0.7,
                    3
                ],
                "fit_init": {
                    "a0": 0.1,
                    "a1": 0,
                    "I0": 0.9,
                    "mu": 2,
                    "sigma": 0.4
                },
                "fit_results": {
                    "a0": [
                        -0.38761143293953393,
                        0.12204789455251969
                    ],
                    "a1": [
                        0.18545103397386767,
                        0.042858020515329526
                    ],
                    "I0": [
                        1.1103411459888024,
                        0.060162828403000294
                    ],
                    "mu": [
                        1.4050604687527182,
                        0.017151362116645086
                    ],
                    "sigma": [
                        0.42604002590553264,
                        0.024921025754633258
                    ]
                }
            },
            "184 keV": {
                "range": [
                    9,
                    21
                ],
                "fit_init": {
                    "a0": 0.1,
                    "a1": 0,
                    "I0": 0.5,
                    "mu": 15,
                    "sigma": 1
                },
                "fit_results": {
                    "a0": [
                        0.09868245933932487,
                        0.0018944873793526064
                    ],
                    "a1": [
                        0.0004652306965185119,
                        0.00011132783426153496
                    ],
                    "I0": [
                        0.03874471551054425,
                        0.0009418825602112111
                    ],
                    "mu": [
                        14.625208561583946,
                        0.0484299547940737
                    ],
                    "sigma": [
                        1.747604927105032,
                        0.060046926777189064
                    ]
                }
            },
            "662 keV": {
                "range": [
                    41,
                    55
                ],
                "fit_init": {
                    "a0": 0.1,
                    "a1": -0.02,
                    "I0": 0.15,
                    "mu": 47,
                    "sigma": 2
                },
                "fit_results": {
                    "a0": [
                        0.09417069559454394,
                        0.0039081909304453065
                    ],
                    "a1": [
                        -0.0012701267383123864,
                        7.896274805728683e-05
                    ],
                    "I0": [
                        0.1580879750120973,
                        0.000784579569796501
                    ],
                    "mu": [
                        47.57293665573935,
                        0.011342642234154009
                    ],
                    "sigma": [
                        2.002361110682188,
                        0.013966959215805673
                    ]
                }
            }
        },
        "Co60": {
            "1173.2 keV": {
                "range": [
                    73,
                    85
                ],
                "fit_init": {
                    "a0": 0.9,
                    "a1": -0.008,
                    "I0": 0.2,
                    "mu": 79,
                    "sigma": 2.3
                },
                "fit_results": {
                    "a0": [
                        0.03473306380178841,
                        0.003295717955724201
                    ],
                    "a1": [
                        -0.00033672363078238084,
                        4.182905363359554e-05
                    ],
                    "I0": [
                        0.004410051447160198,
                        0.0003442132544489219
                    ],
                    "mu": [
                        79.0489531377075,
                        0.1779891595181482
                    ],
                    "sigma": [
                        2.1195122024292177,
                        0.24375844120051054
                    ]
                }
            },
            "1332.5 keV": {
                "range": [
                    85,
                    95
                ],
                "fit_init": {
                    "a0": 0.79,
                    "a1": -0.007,
                    "I0": 0.24,
                    "mu": 89,
                    "sigma": 2.3
                },
                "fit_results": {
                    "a0": [
                        0.028116082188083886,
                        0.0071361607389389976
                    ],
                    "a1": [
                        -0.0002648287250802338,
                        7.484053827181366e-05
                    ],
                    "I0": [
                        0.004618572070357519,
                        0.000535482262801914
                    ],
                    "mu": [
                        89.01824097518649,
                        0.1889196931951928
                    ],
                    "sigma": [
                        2.1630592101664297,
                        0.2816427392243056
                    ]
                }
            }
        },
        "Na22": {
            "511 keV": {
                "range": [
                    30,
                    45
                ],
                "fit_init": {
                    "a0": 0.2,
                    "a1": -0.02,
                    "I0": 0.9,
                    "mu": 38,
                    "sigma": 2
                },
                "fit_results": {
                    "a0": [
                        0.055838422722464906,
                        0.0020541319951442537
                    ],
                    "a1": [
                        -0.0006218216296886716,
                        5.352061989187962e-05
                    ],
                    "I0": [
                        0.05705855677395226,
                        0.0006248304562552915
                    ],
                    "mu": [
                        37.252080172204636,
                        0.022678620884797374
                    ],
                    "sigma": [
                        1.8121899841766584,
                        0.02639944652910687
                    ]
                }
            },
            "1275 keV": {
                "range": [
                    78,
                    94
                ],
                "fit_init": {
                    "a0": 0,
                    "a1": 0,
                    "I0": 0.08,
                    "mu": 86,
                    "sigma": 1
                },
                "fit_results": {
                    "a0": [
                        0.012921186883907207,
                        0.0010381922591402905
                    ],
                    "a1": [
                        -0.00012039190358380087,
                        1.1911897421375227e-05
                    ],
                    "I0": [
                        0.003778158038515747,
                        0.00013265778486606334
                    ],
                    "mu": [
                        85.71599146947469,
                        0.09695077901222847
                    ],
                    "sigma": [
                        2.4289371222031857,
                        0.12215322017518654
                    ]
                }
            }
        }
    }
}